id,title,author,date,type,topics,url,citation,note
lit-cohen-chiu-1974,People's China and International Law,Jerome Alan Cohen and Hungdah Chiu,1974-01-01,Book,theory-order;sovereignty-non-interference,https://search.worldcat.org/search?q=People's%20China%20and%20International%20Law%20Jerome%20Alan%20Cohen%20and%20Hungdah%20Chiu,"Jerome Alan Cohen and Hungdah Chiu, 'People's China and International Law' (1974).",Launch bibliography item for scholarly review and expansion.
lit-wang-tieya-1990,International Law in China: Historical and Contemporary Perspectives,Wang Tieya,1990-01-01,Article,theory-order,https://search.worldcat.org/search?q=International%20Law%20in%20China%3A%20Historical%20and%20Contemporary%20Perspectives%20Wang%20Tieya,"Wang Tieya, 'International Law in China: Historical and Contemporary Perspectives' (1990).",Launch bibliography item for scholarly review and expansion.
lit-xue-2012,Chinese Contemporary Perspectives on International Law,Xue Hanqin,2012-01-01,Book,theory-order;sovereignty-non-interference,https://search.worldcat.org/search?q=Chinese%20Contemporary%20Perspectives%20on%20International%20Law%20Xue%20Hanqin,"Xue Hanqin, 'Chinese Contemporary Perspectives on International Law' (2012).",Launch bibliography item for scholarly review and expansion.
lit-cai-2019,The Rise of China and International Law,Cai Congyan,2019-01-01,Book,theory-order;dispute-settlement,https://search.worldcat.org/search?q=The%20Rise%20of%20China%20and%20International%20Law%20Cai%20Congyan,"Cai Congyan, 'The Rise of China and International Law' (2019).",Launch bibliography item for scholarly review and expansion.
lit-chan-sovereignty,"China, State Sovereignty and International Legal Order",Phil C W Chan,2015-01-01,Book,sovereignty-non-interference;theory-order;one-country-two-systems,https://search.worldcat.org/search?q=China%2C%20State%20Sovereignty%20and%20International%20Legal%20Order%20Phil%20C%20W%20Chan,"Phil C W Chan, 'China, State Sovereignty and International Legal Order' (2015).",Launch bibliography item for scholarly review and expansion.
lit-kent-1999,"China, the United Nations, and Human Rights",Ann Kent,1999-01-01,Book,sovereignty-non-interference;theory-order;one-country-two-systems,https://search.worldcat.org/search?q=China%2C%20the%20United%20Nations%2C%20and%20Human%20Rights%20Ann%20Kent,"Ann Kent, 'China, the United Nations, and Human Rights' (1999).",Launch bibliography item for scholarly review and expansion.
lit-foot-2000,Rights Beyond Borders,Rosemary Foot,2000-01-01,Book,sovereignty-non-interference;theory-order,https://search.worldcat.org/search?q=Rights%20Beyond%20Borders%20Rosemary%20Foot,"Rosemary Foot, 'Rights Beyond Borders' (2000).",Launch bibliography item for scholarly review and expansion.
lit-kim-1979,"China, the United Nations and World Order",Samuel S Kim,1979-01-01,Book,theory-order;use-of-force,https://search.worldcat.org/search?q=China%2C%20the%20United%20Nations%20and%20World%20Order%20Samuel%20S%20Kim,"Samuel S Kim, 'China, the United Nations and World Order' (1979).",Launch bibliography item for scholarly review and expansion.
lit-johnston-2008,Social States: China in International Institutions,Alastair Iain Johnston,2008-01-01,Book,theory-order;global-economic-system,https://search.worldcat.org/search?q=Social%20States%3A%20China%20in%20International%20Institutions%20Alastair%20Iain%20Johnston,"Alastair Iain Johnston, 'Social States: China in International Institutions' (2008).",Launch bibliography item for scholarly review and expansion.
lit-zhao-global-order,China and the International Legal Order,Zhao Yun,2018-01-01,Article,theory-order,https://search.worldcat.org/search?q=China%20and%20the%20International%20Legal%20Order%20Zhao%20Yun,"Zhao Yun, 'China and the International Legal Order' (2018).",Launch bibliography item for scholarly review and expansion.
lit-alden-alves-2008,History and Identity in the Construction of China's Africa Policy,Chris Alden and Ana Cristina Alves,2008-01-01,Article,belt-and-road;global-economic-system,https://search.worldcat.org/search?q=History%20and%20Identity%20in%20the%20Construction%20of%20China's%20Africa%20Policy%20Chris%20Alden%20and%20Ana%20Cristina%20Alves,"Chris Alden and Ana Cristina Alves, 'History and Identity in the Construction of China's Africa Policy' (2008).",Launch bibliography item for scholarly review and expansion.
lit-brautigam-2009,The Dragon's Gift,Deborah Brautigam,2009-01-01,Book,belt-and-road;global-economic-system,https://search.worldcat.org/search?q=The%20Dragon's%20Gift%20Deborah%20Brautigam,"Deborah Brautigam, 'The Dragon's Gift' (2009).",Launch bibliography item for scholarly review and expansion.
lit-jones-zeng-bri,Understanding China's Belt and Road Initiative,Lee Jones and Jinghan Zeng,2019-01-01,Article,belt-and-road;theory-order,https://search.worldcat.org/search?q=Understanding%20China's%20Belt%20and%20Road%20Initiative%20Lee%20Jones%20and%20Jinghan%20Zeng,"Lee Jones and Jinghan Zeng, 'Understanding China's Belt and Road Initiative' (2019).",Launch bibliography item for scholarly review and expansion.
lit-rudolf-2021,The Belt and Road Initiative: Implications for the International Order,Moritz Rudolf,2021-01-01,Book,belt-and-road;theory-order,https://search.worldcat.org/search?q=The%20Belt%20and%20Road%20Initiative%3A%20Implications%20for%20the%20International%20Order%20Moritz%20Rudolf,"Moritz Rudolf, 'The Belt and Road Initiative: Implications for the International Order' (2021).",Launch bibliography item for scholarly review and expansion.
lit-hughes-bri-law,The Belt and Road Initiative and the Law of International Development,Matthew S Erie,2020-01-01,Article,belt-and-road;dispute-settlement,https://search.worldcat.org/search?q=The%20Belt%20and%20Road%20Initiative%20and%20the%20Law%20of%20International%20Development%20Matthew%20S%20Erie,"Matthew S Erie, 'The Belt and Road Initiative and the Law of International Development' (2020).",Launch bibliography item for scholarly review and expansion.
lit-ginsburg-2019,Authoritarian International Law?,Tom Ginsburg,2020-01-01,Article,theory-order;dispute-settlement,https://search.worldcat.org/search?q=Authoritarian%20International%20Law%3F%20Tom%20Ginsburg,"Tom Ginsburg, 'Authoritarian International Law?' (2020).",Launch bibliography item for scholarly review and expansion.
lit-roberts-moraes-ferguson-2019,Toward a Geoeconomic Order in International Trade and Investment,"Anthea Roberts, Henrique Choer Moraes and Victor Ferguson",2019-01-01,Article,global-economic-system;sanctions-anti-sanctions,https://search.worldcat.org/search?q=Toward%20a%20Geoeconomic%20Order%20in%20International%20Trade%20and%20Investment%20Anthea%20Roberts%2C%20Henrique%20Choer%20Moraes%20and%20Victor%20Ferguson,"Anthea Roberts, Henrique Choer Moraes and Victor Ferguson, 'Toward a Geoeconomic Order in International Trade and Investment' (2019).",Launch bibliography item for scholarly review and expansion.
lit-shaffer-gao-2018,China's Rise: How It Took on the U.S. at the WTO,Gregory Shaffer and Henry Gao,2018-01-01,Article,global-economic-system;dispute-settlement,https://search.worldcat.org/search?q=China's%20Rise%3A%20How%20It%20Took%20on%20the%20U.S.%20at%20the%20WTO%20Gregory%20Shaffer%20and%20Henry%20Gao,"Gregory Shaffer and Henry Gao, 'China's Rise: How It Took on the U.S. at the WTO' (2018).",Launch bibliography item for scholarly review and expansion.
lit-gao-2011,China's Participation in the WTO,Henry Gao,2011-01-01,Article,global-economic-system;dispute-settlement,https://search.worldcat.org/search?q=China's%20Participation%20in%20the%20WTO%20Henry%20Gao,"Henry Gao, 'China's Participation in the WTO' (2011).",Launch bibliography item for scholarly review and expansion.
lit-qin-2003,WTO-Plus Obligations and Their Implications for the WTO Legal System,Julia Ya Qin,2003-01-01,Article,global-economic-system,https://search.worldcat.org/search?q=WTO-Plus%20Obligations%20and%20Their%20Implications%20for%20the%20WTO%20Legal%20System%20Julia%20Ya%20Qin,"Julia Ya Qin, 'WTO-Plus Obligations and Their Implications for the WTO Legal System' (2003).",Launch bibliography item for scholarly review and expansion.
lit-hu-angli-2017,China's Approach to the Use of Force,Hu Angang,2017-01-01,Article,use-of-force;theory-order,https://search.worldcat.org/search?q=China's%20Approach%20to%20the%20Use%20of%20Force%20Hu%20Angang,"Hu Angang, 'China's Approach to the Use of Force' (2017).",Launch bibliography item for scholarly review and expansion.
lit-gill-huang-2009,Sources and Limits of Chinese Soft Power,Bates Gill and Yanzhong Huang,2009-01-01,Article,theory-order;global-economic-system,https://search.worldcat.org/search?q=Sources%20and%20Limits%20of%20Chinese%20Soft%20Power%20Bates%20Gill%20and%20Yanzhong%20Huang,"Bates Gill and Yanzhong Huang, 'Sources and Limits of Chinese Soft Power' (2009).",Launch bibliography item for scholarly review and expansion.
lit-davis-2021,China's Lawfare Strategy,Elizabeth Van Wie Davis,2021-01-01,Book,sovereignty-non-interference;dispute-settlement,https://search.worldcat.org/search?q=China's%20Lawfare%20Strategy%20Elizabeth%20Van%20Wie%20Davis,"Elizabeth Van Wie Davis, 'China's Lawfare Strategy' (2021).",Launch bibliography item for scholarly review and expansion.
lit-erickson-martinson-2019,China's Maritime Gray Zone Operations,Andrew S Erickson and Ryan D Martinson,2019-01-01,Book,use-of-force;sovereignty-non-interference,https://search.worldcat.org/search?q=China's%20Maritime%20Gray%20Zone%20Operations%20Andrew%20S%20Erickson%20and%20Ryan%20D%20Martinson,"Andrew S Erickson and Ryan D Martinson, 'China's Maritime Gray Zone Operations' (2019).",Launch bibliography item for scholarly review and expansion.
lit-zhang-haiwen-2016,The South China Sea Arbitration and China's Position,Zhang Haiwen,2016-01-01,Article,sovereignty-non-interference;dispute-settlement,https://search.worldcat.org/search?q=The%20South%20China%20Sea%20Arbitration%20and%20China's%20Position%20Zhang%20Haiwen,"Zhang Haiwen, 'The South China Sea Arbitration and China's Position' (2016).",Launch bibliography item for scholarly review and expansion.
lit-beckman-townsend-2017,The South China Sea Arbitration: A Chinese Perspective,Robert Beckman and Tara Davenport,2017-01-01,Article,dispute-settlement;sovereignty-non-interference,https://search.worldcat.org/search?q=The%20South%20China%20Sea%20Arbitration%3A%20A%20Chinese%20Perspective%20Robert%20Beckman%20and%20Tara%20Davenport,"Robert Beckman and Tara Davenport, 'The South China Sea Arbitration: A Chinese Perspective' (2017).",Launch bibliography item for scholarly review and expansion.
lit-chimni-2017,International Institutions Today: An Imperial Global State in the Making,B S Chimni,2004-01-01,Article,theory-order;global-economic-system,https://search.worldcat.org/search?q=International%20Institutions%20Today%3A%20An%20Imperial%20Global%20State%20in%20the%20Making%20B%20S%20Chimni,"B S Chimni, 'International Institutions Today: An Imperial Global State in the Making' (2004).",Launch bibliography item for scholarly review and expansion.
lit-sornarajah-2010,The International Law on Foreign Investment,M Sornarajah,2010-01-01,Book,global-economic-system;belt-and-road,https://search.worldcat.org/search?q=The%20International%20Law%20on%20Foreign%20Investment%20M%20Sornarajah,"M Sornarajah, 'The International Law on Foreign Investment' (2010).",Launch bibliography item for scholarly review and expansion.
lit-chaisse-2018,China's International Investment Strategy,Julien Chaisse,2018-01-01,Book,global-economic-system;belt-and-road,https://search.worldcat.org/search?q=China's%20International%20Investment%20Strategy%20Julien%20Chaisse,"Julien Chaisse, 'China's International Investment Strategy' (2018).",Launch bibliography item for scholarly review and expansion.
lit-van-den-bossche-2021,The Law and Policy of the World Trade Organization,Peter Van den Bossche and Werner Zdouc,2021-01-01,Book,global-economic-system;dispute-settlement,https://search.worldcat.org/search?q=The%20Law%20and%20Policy%20of%20the%20World%20Trade%20Organization%20Peter%20Van%20den%20Bossche%20and%20Werner%20Zdouc,"Peter Van den Bossche and Werner Zdouc, 'The Law and Policy of the World Trade Organization' (2021).",Launch bibliography item for scholarly review and expansion.
lit-lowenfeld-2008,International Economic Law,Andreas F Lowenfeld,2008-01-01,Book,global-economic-system,https://search.worldcat.org/search?q=International%20Economic%20Law%20Andreas%20F%20Lowenfeld,"Andreas F Lowenfeld, 'International Economic Law' (2008).",Launch bibliography item for scholarly review and expansion.
lit-damrosch-2021,International Law: Cases and Materials,Lori Fisler Damrosch and Sean D Murphy,2021-01-01,Book,theory-order;use-of-force,https://search.worldcat.org/search?q=International%20Law%3A%20Cases%20and%20Materials%20Lori%20Fisler%20Damrosch%20and%20Sean%20D%20Murphy,"Lori Fisler Damrosch and Sean D Murphy, 'International Law: Cases and Materials' (2021).",Launch bibliography item for scholarly review and expansion.
lit-gray-2018,International Law and the Use of Force,Christine Gray,2018-01-01,Book,use-of-force,https://search.worldcat.org/search?q=International%20Law%20and%20the%20Use%20of%20Force%20Christine%20Gray,"Christine Gray, 'International Law and the Use of Force' (2018).",Launch bibliography item for scholarly review and expansion.
lit-corten-2021,The Law Against War,Olivier Corten,2021-01-01,Book,use-of-force,https://search.worldcat.org/search?q=The%20Law%20Against%20War%20Olivier%20Corten,"Olivier Corten, 'The Law Against War' (2021).",Launch bibliography item for scholarly review and expansion.
lit-chinkin-kaldor-2017,International Law and New Wars,Christine Chinkin and Mary Kaldor,2017-01-01,Book,use-of-force;theory-order,https://search.worldcat.org/search?q=International%20Law%20and%20New%20Wars%20Christine%20Chinkin%20and%20Mary%20Kaldor,"Christine Chinkin and Mary Kaldor, 'International Law and New Wars' (2017).",Launch bibliography item for scholarly review and expansion.
lit-wang-jiangyu-economic,China and International Economic Law,Wang Jiangyu,2020-01-01,Article,global-economic-system;theory-order,https://search.worldcat.org/search?q=China%20and%20International%20Economic%20Law%20Wang%20Jiangyu,"Wang Jiangyu, 'China and International Economic Law' (2020).",Launch bibliography item for scholarly review and expansion.
lit-wang-jiangyu-bri,China's Belt and Road Initiative and International Law,Wang Jiangyu,2021-01-01,Article,belt-and-road;global-economic-system,https://search.worldcat.org/search?q=China's%20Belt%20and%20Road%20Initiative%20and%20International%20Law%20Wang%20Jiangyu,"Wang Jiangyu, 'China's Belt and Road Initiative and International Law' (2021).",Launch bibliography item for scholarly review and expansion.
bib-tt-merics-2023-decoupling,MERICS China Global Competition Tracker materials,MERICS,2023-01-01,Report / research portal,global-economic-system;sanctions-anti-sanctions,https://merics.org/en,"MERICS, 'MERICS China Global Competition Tracker materials' (2023).",Think tank source included for report tracking and later item-level expansion.
bib-tt-csis-bri-reconnecting,CSIS Reconnecting Asia project materials,Center for Strategic and International Studies,2023-01-01,Report / research portal,belt-and-road;global-economic-system,https://reconasia.csis.org/,"Center for Strategic and International Studies, 'CSIS Reconnecting Asia project materials' (2023).",Think tank source included for report tracking and later item-level expansion.
bib-tt-chatham-china-order,Chatham House research on China and the international order,Chatham House,2023-01-01,Report / research portal,theory-order;use-of-force,https://www.chathamhouse.org/topics/china,"Chatham House, 'Chatham House research on China and the international order' (2023).",Think tank source included for report tracking and later item-level expansion.
bib-tt-brookings-china-global-governance,Brookings research on China and global governance,Brookings Institution,2022-01-01,Report / research portal,theory-order;global-economic-system,https://www.brookings.edu/topic/china/,"Brookings Institution, 'Brookings research on China and global governance' (2022).",Think tank source included for report tracking and later item-level expansion.
bib-tt-cfr-china-bri,Council on Foreign Relations materials on Belt and Road,Council on Foreign Relations,2021-01-01,Report / research portal,belt-and-road;theory-order,https://www.cfr.org/china-belt-and-road-initiative,"Council on Foreign Relations, 'Council on Foreign Relations materials on Belt and Road' (2021).",Think tank source included for report tracking and later item-level expansion.
bib-tt-carnegie-china-law-order,Carnegie research on China and international order,Carnegie Endowment for International Peace,2022-01-01,Report / research portal,theory-order;sovereignty-non-interference,https://carnegieendowment.org/research/china,"Carnegie Endowment for International Peace, 'Carnegie research on China and international order' (2022).",Think tank source included for report tracking and later item-level expansion.
bib-tt-rhodium-china-economic-statecraft,Rhodium Group research on China economic statecraft,Rhodium Group,2023-01-01,Report / research portal,global-economic-system;sanctions-anti-sanctions,https://rhg.com/research_topic/china/,"Rhodium Group, 'Rhodium Group research on China economic statecraft' (2023).",Think tank source included for report tracking and later item-level expansion.
bib-tt-odi-china-development,ODI research on China and development cooperation,Overseas Development Institute,2022-01-01,Report / research portal,belt-and-road;global-economic-system,https://odi.org/en/topics/china-and-international-development/,"Overseas Development Institute, 'ODI research on China and development cooperation' (2022).",Think tank source included for report tracking and later item-level expansion.
bib-tt-cari-china-africa-loans,Chinese Loans to Africa Database,Boston University Global Development Policy Center,2023-01-01,Report / research portal,belt-and-road;global-economic-system,https://www.bu.edu/gdp/chinese-loans-to-africa-database/,"Boston University Global Development Policy Center, 'Chinese Loans to Africa Database' (2023).",Think tank source included for report tracking and later item-level expansion.
bib-tt-asil-china-international-law,ASIL materials on China and international law,American Society of International Law,2020-01-01,Report / research portal,theory-order;dispute-settlement,https://www.asil.org/,"American Society of International Law, 'ASIL materials on China and international law' (2020).",Think tank source included for report tracking and later item-level expansion.
bib-tt-oxford-china-centre,Oxford China Centre materials on law and governance,University of Oxford China Centre,2022-01-01,Report / research portal,theory-order;sovereignty-non-interference,https://www.chinacentre.ox.ac.uk/,"University of Oxford China Centre, 'Oxford China Centre materials on law and governance' (2022).",Think tank source included for report tracking and later item-level expansion.
bib-tt-iiss-china-security,IISS research on China and security,International Institute for Strategic Studies,2023-01-01,Report / research portal,use-of-force;theory-order,https://www.iiss.org/research/china/,"International Institute for Strategic Studies, 'IISS research on China and security' (2023).",Think tank source included for report tracking and later item-level expansion.
lit-gittings-2016-hk,Introduction to the Hong Kong Basic Law,Danny Gittings,2016-01-01,Book,one-country-two-systems;sovereignty-non-interference;dispute-settlement,https://search.worldcat.org/search?q=Introduction%20to%20the%20Hong%20Kong%20Basic%20Law%20Danny%20Gittings,"Danny Gittings, 'Introduction to the Hong Kong Basic Law' (2016).",Launch bibliography item for Hong Kong Basic Law and autonomy research.
lit-chen-2021-hk,The Changing Legal Orders in Hong Kong and China,Albert H Y Chen,2021-01-01,Book / scholarship,one-country-two-systems;sovereignty-non-interference;dispute-settlement,https://search.worldcat.org/search?q=Albert%20H%20Y%20Chen%20Hong%20Kong%20Basic%20Law%20one%20country%20two%20systems,"Albert H Y Chen, 'The Changing Legal Orders in Hong Kong and China' (2021).","Launch bibliography item for legal change under one country, two systems."
lit-lo-2020-macau,"The Legal System of Macao and One Country, Two Systems",Macao SAR legal scholarship,2020-01-01,Literature / research lead,one-country-two-systems;sovereignty-non-interference,https://search.worldcat.org/search?q=Macao%20one%20country%20two%20systems%20legal%20system,"Macao SAR legal scholarship, 'The Legal System of Macao and One Country, Two Systems' (2020).",Research lead for adding Macau-focused scholarship during editorial review.
lit-2025-ia-rising-states-liberal-order,Rising States and the Liberal World Order - The Case of China,Steve Chan and Weixing Hu,2025-03-03,Article,theory-order;use-of-force;sovereignty-non-interference,https://academic.oup.com/ia/article/101/2/381/8004978,Steve Chan and Weixing Hu - Rising states and the liberal world order - International Affairs - 2025,Recent IR article on rising China and claims about threats to world order.
lit-2024-jcc-human-rights-world-order,Institutional Design and Rhetorical Spaces - China's Human Rights Strategies in a Changing World Order,Rosemary Foot,2024-01-04,Article,theory-order;sovereignty-non-interference,https://www.tandfonline.com/doi/abs/10.1080/10670564.2023.2299958,Rosemary Foot - Institutional Design and Rhetorical Spaces - Journal of Contemporary China - 2024,Recent article on China's human rights strategies and liberal order contestation.
lit-2023-pacific-review-do-as-i-do,China's Do-as-I-do Paradigm - Practice-based Normative Diplomacy in the Global South,Jeremy Garlick and Fangxing Qin,2023-12-09,Article,theory-order;sovereignty-non-interference;belt-and-road,https://www.tandfonline.com/doi/abs/10.1080/09512748.2023.2290619,Jeremy Garlick and Fangxing Qin - China's do-as-I-do paradigm - The Pacific Review - 2023,Recent article on China-led norm diffusion in the Global South.
lit-2022-ir-liberal-order-networks,Is the Liberal Order on the Way Out - China's Rise Networks and the Liberal Hegemon,Deborah Welch Larson,2022-06-28,Article,theory-order;global-economic-system,https://journals.sagepub.com/doi/10.1177/00471178221109002,Deborah Welch Larson - Is the liberal order on the way out - International Relations - 2022,IR article on China networks and resilience of liberal order.
lit-2022-pacific-review-contestation-lio,China's Contestation of the Liberal International Order,Sung-han Kim and Sanghoon Kim,2022-04-09,Article,theory-order;global-economic-system;sovereignty-non-interference,https://www.tandfonline.com/doi/abs/10.1080/09512748.2022.2063367,Sung-han Kim and Sanghoon Kim - China's contestation of the liberal international order - The Pacific Review - 2022,Recent article distinguishing domains of Chinese contestation.
lit-2023-cjip-southeast-asia-order-transition,Southeast Asia Amid Sino-US Competition - Power Shift and Regional Order Transition,Wen Zha,2023-05-16,Article,theory-order;use-of-force;belt-and-road,https://academic.oup.com/cjip/article/16/2/241/7165249,Wen Zha - Southeast Asia amid Sino-US competition - Chinese Journal of International Politics - 2023,Regional order article on Southeast Asia amid Sino-US competition.
lit-2022-cjcl-approach-international-law,China's Approach to International Law - From Traditional Westphalianism to Aggressive Instrumentalism in the Xi Jinping Era,Jiangyu Wang and Huaer Cheng,2022-05-12,Article,theory-order;sovereignty-non-interference,https://academic.oup.com/cjcl/article/10/1/140/6585033,Jiangyu Wang and Huaer Cheng - China's approach to international law - Chinese Journal of Comparative Law - 2022,Core recent article on China's Xi-era international legal stance.
lit-2022-twq-rising-power-status-quo,China as a Rising Power - Why the Status Quo Matters,Ian Taylor and Zhangxi Cheng,2022-01-02,Article,theory-order;global-economic-system,https://www.tandfonline.com/doi/full/10.1080/01436597.2021.2005462,Ian Taylor and Zhangxi Cheng - China as a rising power - Third World Quarterly - 2022,IR article on China as a rising power and the status quo.
lit-2020-jiel-selective-reshaping,Selective Reshaping - China's Paradigm Shift in International Economic Governance,Heng Wang,2020-10-28,Article,global-economic-system;belt-and-road;theory-order,https://academic.oup.com/jiel/article/23/3/583/5902817,Heng Wang - Selective Reshaping - Journal of International Economic Law - 2020,International economic law article on China's selective institutional reshaping.
lit-2019-ripe-varieties-contestation,Varieties of Contestation - China's Rise and the Liberal Trade Order,Clara Weinhardt and Tobias Ten Brink,2019-12-10,Article,global-economic-system;theory-order,https://www.tandfonline.com/doi/full/10.1080/09692290.2019.1699145,Clara Weinhardt and Tobias Ten Brink - Varieties of contestation - Review of International Political Economy - 2019,Political economy article on varieties of Chinese trade-order contestation.
lit-2020-cria-contesting-liberal-internationalism,Contesting Liberal Internationalism - China's Renegotiation of World Order,Pak K Lee and Anisa Heritage and Zhouchen Mao,2020-01-02,Article,theory-order;global-economic-system;sovereignty-non-interference,https://www.tandfonline.com/doi/full/10.1080/09557571.2020.1715682,Lee Heritage and Mao - Contesting liberal internationalism - Cambridge Review of International Affairs - 2020,IR article on China's renegotiation of world order.
lit-2018-cria-tianxia-philadelphian,Competing Visions of a Postmodern World Order - The Philadelphian System Versus the Tianxia System,Taesuh Cha,2018-09-03,Article,theory-order;sovereignty-non-interference,https://www.tandfonline.com/doi/full/10.1080/09557571.2018.1536113,Taesuh Cha - Competing visions of a postmodern world order - Cambridge Review of International Affairs - 2018,Conceptual article comparing liberal and Tianxia-inflected order visions.
lit-2018-ia-us-china-liberal-world-order,US-China Relations and the Liberal World Order - Contending Elites Colliding Visions,Nana de Graaff and Bastiaan van Apeldoorn,2018-01-01,Article,theory-order;global-economic-system,https://academic.oup.com/ia/article/94/1/113/4762687,Nana de Graaff and Bastiaan van Apeldoorn - US-China relations and the liberal world order - International Affairs - 2018,Article on elite visions behind US-China order conflict.
lit-2017-global-governance-security-council-engagement,China's Security Council Engagement - The Impact of Normative and Causal Beliefs,Lisa Macleod,2017-08-19,Article,use-of-force;theory-order;sovereignty-non-interference,https://brill.com/view/journals/gg/23/3/article-p383_4.xml,Lisa Macleod - China's Security Council engagement - Global Governance - 2017,Article on Chinese beliefs and UN Security Council engagement.
lit-2022-jwt-special-economic-zones-order,Special Economic Zones - The Subnational-National-International Nexus in China's Integration With the International Economic Order,Chenxi Wang,2022-12-01,Article,global-economic-system;theory-order,https://kluwerlawonline.com/journalarticle/Journal+of+World+Trade/56.6/TRAD2022042,Chenxi Wang - Special Economic Zones - Journal of World Trade - 2022,Article on special economic zones and China's international economic integration.
lit-2023-ejil-rao-geping-international-organizations,International Institutions as Forms and Fora - Rao Geping and the Law of International Organizations in China,Yifeng Chen,2023-11-13,Article,theory-order;dispute-settlement,https://academic.oup.com/ejil/article/34/4/855/7416677,Yifeng Chen - International Institutions as Forms and Fora - European Journal of International Law - 2023,Article on Chinese international organizations law scholarship and institutional concepts.
lit-2023-orbis-foreign-related-rule-law,Foreign Policy Implications for China's Foreign-Related Rule of Law,Matthew Erie,2023-08-01,Article,theory-order;sanctions-anti-sanctions;global-economic-system,https://www.sciencedirect.com/science/article/abs/pii/S0030438723000406,Matthew Erie - Foreign policy implications for China's foreign-related rule of law - Orbis - 2023,Article on foreign-related rule of law as foreign policy and legal statecraft.
lit-2024-jcc-china-russia-reexaminations,Chinese Re-Examinations of Russia - The Strategic Partnership in the Wake of Russia's War Against Ukraine,Rebekka Asnes Sagild and Christopher Weidacher Hsiung,2024-06-18,Article,use-of-force;theory-order;sovereignty-non-interference,https://www.tandfonline.com/doi/full/10.1080/10670564.2024.2358876,Sagild and Hsiung - Chinese Re-Examinations of Russia - Journal of Contemporary China - 2024,Recent article on China-Russia strategic partnership debates after Ukraine.
lit-2024-china-information-standards-ground-up,Chinese Standards From the Ground Up,Miriam Driessen and Ruiyi Zhu,2024-04-24,Article,global-economic-system;belt-and-road;theory-order,https://journals.sagepub.com/doi/10.1177/0920203X241248412,Miriam Driessen and Ruiyi Zhu - Chinese standards from the ground up - China Information - 2024,Article on China's rise as a global standards power.
lit-2024-cjtl-gsi-legal-lens,Reading China's Global Security Initiative Through an International Legal Lens,Ka Lok Yip,2024-03-25,Article,theory-order;use-of-force;sovereignty-non-interference;dispute-settlement,https://journals.sagepub.com/doi/10.1177/2753412X241240259,Ka Lok Yip - Reading China's Global Security Initiative Through an International Legal Lens - Chinese Journal of Transnational Law - 2024,Article assessing the Global Security Initiative through international law themes.
lit-2024-chinesejil-great-powers-formation,Great Powers and the Formation of International Law,Kevin Jon Heller,2024-12-16,Article,theory-order;use-of-force;sovereignty-non-interference,https://academic.oup.com/chinesejil/article/23/4/637/7925746,Kevin Jon Heller - Great Powers and the Formation of International Law - Chinese Journal of International Law - 2024,Comparative international law article on US Russia and China views of formal sources.
lit-2023-security-studies-illiberal-hegemony,China and the Logic of Illiberal Hegemony,Darren J Lim and G John Ikenberry,2023-02-28,Article,theory-order;global-economic-system;use-of-force,https://www.tandfonline.com/doi/abs/10.1080/09636412.2023.2178963,Darren J Lim and G John Ikenberry - China and the Logic of Illiberal Hegemony - Security Studies - 2023,Article developing a model of Chinese international order.
lit-2025-ajil-unbound-bandung-common-destiny,From Asian-African Solidarity to a Community of Common Destiny - An Evolving Chinese Perspective of the International Legal Order,Bing Bing Jia,2025-10-20,Article,theory-order;sovereignty-non-interference;global-economic-system,https://doi.org/10.1017/aju.2025.10023,Bing Bing Jia - From Asian-African Solidarity to a Community of Common Destiny - AJIL Unbound - 2025,Essay linking Bandung principles to Chinese perspectives on international legal order.
lit-2021-io-domestic-politics-china-rise-lio,"Domestic Politics, China's Rise, and the Future of the Liberal International Order",Jessica Chen Weiss and Jeremy L Wallace,2021-03-23,Article,theory-order;global-economic-system;sovereignty-non-interference,https://www.cambridge.org/core/journals/international-organization/article/abs/domestic-politics-chinas-rise-and-the-future-of-the-liberal-international-order/9EBC39D04A8B21FECB2BC7BD4D415C43,"Jessica Chen Weiss and Jeremy L Wallace - Domestic Politics, China's Rise, and the Future of the Liberal International Order - International Organization - 2021",Article on domestic variables shaping China's selective engagement with liberal order.
lit-2019-isec-china-world-orders,China in a World of Orders - Rethinking Compliance and Challenge in Beijing's International Relations,Alastair Iain Johnston,2019-10-01,Article,theory-order;global-economic-system;sovereignty-non-interference;use-of-force,https://direct.mit.edu/isec/article/44/2/9/12242/China-in-a-World-of-Orders-Rethinking-Compliance,Alastair Iain Johnston - China in a World of Orders - International Security - 2019,Core article reframing China's compliance and challenge across multiple orders.
lit-2017-ris-canary-unga-world-order,"Canary in the Coal Mine? China, the UNGA, and the Changing World Order",Samuel Brazys and Alexander Dukalskis,2017-02-20,Article,theory-order;sovereignty-non-interference;global-economic-system,https://www.aiddata.org/publications/canary-in-the-coal-mine-china-the-unga-and-the-changing-world-order,"Samuel Brazys and Alexander Dukalskis - Canary in the Coal Mine? China, the UNGA, and the Changing World Order - Review of International Studies - 2017",Empirical article on China UNGA alignment and global norm change.
lit-2023-ssci-international-law-based-order,On the International Law-Based International Order,Cai Congyan,2023-09-27,Article,theory-order;sovereignty-non-interference;dispute-settlement,https://www.tandfonline.com/doi/abs/10.1080/02529203.2023.2254108,Cai Congyan - On the International Law-Based International Order - Social Sciences in China - 2023,Article contrasting international law-based order with rules-based order discourse.
lit-2025-pacific-review-transnational-policy-forums,Beyond Multilateralism - China's International Order Building Through Transnational Policy Forums,Matthew D Stephen,2025-11-26,Article,theory-order;belt-and-road;global-economic-system;sovereignty-non-interference,https://www.tandfonline.com/doi/full/10.1080/09512748.2025.2590512,Matthew D Stephen - Beyond Multilateralism - The Pacific Review - 2025,Article on informal transnational policy forums as Chinese order-building tools.
lit-2024-security-studies-collective-logic-hegemonic-order,The Collective Logic of Chinese Hegemonic Order,Amy King,2024-02-29,Article,theory-order;global-economic-system;use-of-force,https://www.tandfonline.com/doi/full/10.1080/09636412.2023.2253148,Amy King - The Collective Logic of Chinese Hegemonic Order - Security Studies - 2024,Exchange essay on Chinese hegemonic order and historical order transition.
lit-2026-ia-china-space-order-multiplex,"China, the 'Rise of the Rest' and the Remaking of the International Space Order in a Multiplex World",Dimitrios Stroikos,2026-03-09,Article,theory-order;use-of-force;global-economic-system;belt-and-road,https://academic.oup.com/ia/article/102/2/389/8509040,"Dimitrios Stroikos - China, the 'Rise of the Rest' and the Remaking of the International Space Order - International Affairs - 2026",Article on China Global South cooperation and space as a functional sub-order.
lit-2026-pacific-review-china-partial-space-power,Empire of the Stars-Not Yet - China as a Partial Great Power in Space,Dimitrios Stroikos,2026-01-12,Article,theory-order;use-of-force;global-economic-system,https://www.tandfonline.com/doi/abs/10.1080/09512748.2025.2610343,Dimitrios Stroikos - Empire of the Stars-Not Yet - The Pacific Review - 2026,Article distinguishing material capability from social authority in space order.
lit-2026-ia-ai-tech-transfer-global-south,The US as 'Leader' and China as 'Collaborator' - AI Technology Transfer and Technological Advancement in the Global South,Yiyi Chen and Zikang Chen and Na Yang,2026-03-09,Article,global-economic-system;theory-order;belt-and-road;sovereignty-non-interference,https://academic.oup.com/ia/advance-article/doi/10.1093/ia/iiaf268/8466321,Yiyi Chen Zikang Chen and Na Yang - The US as 'Leader' and China as 'Collaborator' - International Affairs - 2026,Article comparing AI technology transfer models and digital sovereignty choices in the Global South.
lit-2024-area-dev-policy-china-economic-multipolar,China's Evolving International Economic Engagement - China Threat or a New Pole in an Equitable Multipolar World Order,Michael Dunford and Weidong Liu,2023-07-05,Article,global-economic-system;theory-order;belt-and-road,https://www.tandfonline.com/doi/full/10.1080/23792949.2023.2225092,Michael Dunford and Weidong Liu - China's evolving international economic engagement - Area Development and Policy - 2024,Article on China's trade investment finance and development engagement in multipolar order.
tt-brookings-2024-rules-based-order,China and the United States and the Future of a Rules-Based International Order,Paul Gewirtz,2024-07-22,Report / policy analysis,theory-order;global-economic-system;use-of-force,https://www.brookings.edu/articles/china-the-united-states-and-the-future-of-a-rules-based-international-order/,Paul Gewirtz - China and the United States and the future of a rules-based international order - Brookings Institution - 2024,Policy analysis on US-China disagreement over rules-based international order.
tt-chatham-2025-competing-visions-china,China - Balancing the US and Increasing Global Influence,Chatham House,2025-03-27,Report,theory-order;global-economic-system;use-of-force,https://www.chathamhouse.org/2025/03/competing-visions-international-order/02-china-balancing-us-increasing-global-influence,Chatham House - China: Balancing the US and increasing global influence - 2025,Report chapter on China's global initiatives and alternative order claims.
tt-2024-atlantic-council-global-south-chinese-characteristics,A Global South with Chinese Characteristics,Niva Yau,2024-06-13,Report,theory-order;global-economic-system;belt-and-road;sovereignty-non-interference,https://www.atlanticcouncil.org/in-depth-research-reports/report/a-global-south-with-chinese-characteristics/,Niva Yau - A Global South with Chinese Characteristics - Atlantic Council - 2024,Report on Chinese training programs and governance-model promotion in the Global South.
tt-2026-carnegie-china-pivot-global-ai,China's Pivot on Global AI,Arindrajit Basu,2026-05-21,Report / policy analysis,global-economic-system;theory-order;sovereignty-non-interference,https://carnegieendowment.org/research/2026/05/chinas-pivot-on-global-ai,Arindrajit Basu - China's Pivot on Global AI - Carnegie Endowment for International Peace - 2026,Recent analysis of China's AI diplomacy and global governance agenda.
tt-2024-iiss-gsi-international-policing,The Global Security Initiative - China's International Policing Activities,International Institute for Strategic Studies,2024-10-24,Report,use-of-force;theory-order;sovereignty-non-interference,https://www.iiss.org/research-paper/2024/10/the-global-security-initiative-chinas-international-policing-activities/,IISS - The Global Security Initiative - China's International Policing Activities - 2024,Research report on policing cooperation under the Global Security Initiative.
tt-2025-carnegie-world-cop-gsi,A New World Cop on the Beat - China's Internal Security Outreach Under the Global Security Initiative,Sheena Chestnut Greitens Isaac B Kardon and Cameron Waltz,2025-08-06,Report,use-of-force;theory-order;sovereignty-non-interference,https://carnegieendowment.org/research/2025/08/a-new-world-cop-on-the-beat-chinas-internal-security-outreach-under-the-global-security-initiative?lang=en,Sheena Chestnut Greitens Isaac B Kardon and Cameron Waltz - A New World Cop on the Beat - Carnegie Endowment for International Peace - 2025,Report mapping China's nonmilitary security diplomacy and internal-security outreach.
tt-2024-atlantic-council-tech-competition-global-south,Toward a Coherent Framework for US-China Tech Competition in the Global South,Peter Engelke and Samantha Wong,2024-10-18,Report / memo,global-economic-system;theory-order;belt-and-road,https://www.atlanticcouncil.org/content-series/strategic-insights-memos/toward-a-coherent-framework-for-us-china-tech-competition-in-the-global-south/,Peter Engelke and Samantha Wong - Toward a coherent framework for US-China tech competition in the Global South - Atlantic Council - 2024,Strategic memo on technology competition and China's alternative vision in the Global South.
lit-2024-cjtl-legalization-foreign-relations,Legalization of Foreign Relations in China,Zheng Tang and Congyan Cai,2024-08-21,Article,theory-order;sovereignty-non-interference,https://journals.sagepub.com/doi/10.1177/2753412X241275084,Zheng Tang and Congyan Cai - Legalization of Foreign Relations in China - Chinese Journal of Transnational Law - 2024,Editorial introduction to the foreign relations law special issue.
lit-2024-cjtl-frl-milestone,Milestone of China's Foreign-Related Legislation,Huang Huikang,2024-07-23,Article,theory-order;sovereignty-non-interference;global-economic-system,https://journals.sagepub.com/doi/10.1177/2753412X241261028,Huang Huikang - Milestone of China's Foreign-Related Legislation - Chinese Journal of Transnational Law - 2024,Review article on the PRC Foreign Relations Law and its stated objectives.
lit-2024-cjtl-cicc-global-context,The China International Commercial Court,Xiangzhuang Sun,2023-08-27,Article,dispute-settlement;belt-and-road;global-economic-system,https://journals.sagepub.com/doi/10.1177/2753412X231193200,Xiangzhuang Sun - The China International Commercial Court - Chinese Journal of Transnational Law - 2024,Article on the origins and development of the CICC.
lit-2024-cambridge-handbook-china-intl-law,The Cambridge Handbook of China and International Law,Ignacio de la Rasilla and Congyan Cai,2024-01-04,Book,theory-order;sovereignty-non-interference;use-of-force;global-economic-system;dispute-settlement,https://www.cambridge.org/core/books/cambridge-handbook-of-china-and-international-law/A6058DAE39796BFE4F1CB4FBEAA75DC1,Ignacio de la Rasilla and Congyan Cai eds - The Cambridge Handbook of China and International Law - Cambridge University Press - 2024,Major handbook surveying China's engagement across international law fields.
lit-2024-springer-diplomacy-intl-law,China's Diplomacy and International Law,Huikang Huang,2024-08-03,Book,theory-order;sovereignty-non-interference;global-economic-system;one-country-two-systems;use-of-force,https://link.springer.com/book/10.1007/978-981-97-1968-6,Huikang Huang - China's Diplomacy and International Law - Springer - 2024,Book-length statement of Chinese diplomatic and legal thinking.
lit-2020-hart-hk-national-security-rule-law,China's National Security - Endangering Hong Kong's Rule of Law?,Cora Chan and Fiona de Londras,2020-03-01,Edited volume,one-country-two-systems;sovereignty-non-interference;dispute-settlement,https://www.bloomsbury.com/us/chinas-national-security-9781509928170/,Cora Chan and Fiona de Londras eds - China's National Security - Endangering Hong Kong's Rule of Law? - Hart Publishing - 2020,Edited volume on Hong Kong national security and constitutional order.
lit-2024-ds-one-china-policies-taiwan,The Effect of 'One China' Policies of Foreign States on the International Status of Taiwan,Mikulas Fabry,2024-03-08,Article,one-country-two-systems;sovereignty-non-interference;theory-order,https://www.tandfonline.com/doi/full/10.1080/09592296.2024.2303855,Mikulas Fabry - The Effect of One China Policies of Foreign States on the International Status of Taiwan - Diplomacy and Statecraft - 2024,Article on recognition practice and Taiwan's international status.
lit-2025-aplr-hknsl-abuse-fundamental-rights,Article 2 of the Hong Kong National Security Law and the prohibition of abuse of fundamental rights,Xiaoshan Zhang,2025-07-21,Article,one-country-two-systems;sovereignty-non-interference;dispute-settlement,https://www.tandfonline.com/doi/abs/10.1080/10192557.2025.2493708,Xiaoshan Zhang - Article 2 of the Hong Kong National Security Law and the prohibition of abuse of fundamental rights - Asia Pacific Law Review - 2025,Article on rights review and constitutional change under the HKNSL.
lit-2025-jufil-attack-taiwan-lawfulness,How future actions might affect the lawfulness of an attack on Taiwan,Rowan Nicholson,2025-11,Article,one-country-two-systems;use-of-force;sovereignty-non-interference,https://www.tandfonline.com/doi/abs/10.1080/20531702.2025.2578120,Rowan Nicholson - How future actions might affect the lawfulness of an attack on Taiwan - Journal on the Use of Force and International Law - 2025,Article on recognition policy and the lawfulness arguments surrounding a Taiwan conflict.
lit-2025-jogss-china-russia-sanctions-implementation,Putting Your Money Where Your Mouth Is Not - China and Russia's Implementation of Economic Sanctions,Victor A Ferguson,2025-04-04,Article,sanctions-anti-sanctions;global-economic-system;theory-order,https://academic.oup.com/jogss/article/10/3/ogaf010/8105843,Victor A Ferguson - Putting Your Money Where Your Mouth Is Not - Journal of Global Security Studies - 2025,Comparative article on formal and informal sanctions implementation.
lit-2025-wq-old-logic-economic-weapons,The Old Logic Behind China's New Economic Weapons,Viking Bohman and Audrye Wong and Victor A Ferguson,2025-09-29,Article,sanctions-anti-sanctions;global-economic-system;theory-order,https://www.tandfonline.com/doi/abs/10.1080/0163660X.2025.2554476,Viking Bohman Audrye Wong and Victor A Ferguson - The Old Logic Behind China's New Economic Weapons - The Washington Quarterly - 2025,Article on formal and informal sanctions tools in current Chinese economic coercion.
lit-2025-jcps-expanding-influence-membership,Expanding China's Influence via Membership - Examining the Influence of Chinese-Led International Institutions on Responses to Human Rights Issues in China,Hyunkyu Kim and Sanghoon Park,2024-04-03,Article,theory-order;sovereignty-non-interference;global-economic-system,https://link.springer.com/article/10.1007/s11366-024-09886-2,Hyunkyu Kim and Sanghoon Park - Expanding China's Influence via Membership - Journal of Chinese Political Science - 2025,Article on Chinese-led institutions and softer UN human-rights criticism of China.
lit-2025-pkulj-cicc-cross-border-mechanism,A comparative study of the China International Commercial Court as a cross-border dispute resolution mechanism,Serena Cicy Liu,2025-12-07,Article,dispute-settlement;belt-and-road;global-economic-system,https://www.tandfonline.com/doi/abs/10.1080/20517483.2025.2561305,Serena Cicy Liu - A comparative study of the China International Commercial Court as a cross-border dispute resolution mechanism - Peking University Law Journal - 2025,Comparative study of the CICC as a dispute-resolution forum.
lit-2024-ssrn-us-china-sanctions-war,The Lawfulness of Unilateral Sanctions in the Wake of a US-China Sanctions War,Joshua Andresen,2024-02-05,Chapter / preprint,sanctions-anti-sanctions;global-economic-system;theory-order,https://papers.ssrn.com/sol3/papers.cfm?abstract_id=4690995,Joshua Andresen - The Lawfulness of Unilateral Sanctions in the Wake of a US-China Sanctions War - SSRN - 2024,Preprint on sanctions legality and the normalization effects of US-China escalation.
lit-2026-ejil-unclos-confrontation,International Law as a Driver of Confrontation? UNCLOS and China's Policy in the South China Sea,Andrew Chubb,2026-01-08,Article,use-of-force;sovereignty-non-interference;dispute-settlement;theory-order,https://academic.oup.com/ejil/article/36/4/891/8417583,Andrew Chubb - International Law as a Driver of Confrontation - European Journal of International Law - 2026,Recent EJIL article on how UNCLOS shaped later PRC maritime assertiveness.
tt-2024-csis-quarantine-taiwan,Responding to a More Coercive Chinese Coast Guard and a Potential PRC Quarantine of Taiwan,Christopher B Johnstone and Bonny Lin,2024-06-07,Report / commentary,one-country-two-systems;use-of-force;sovereignty-non-interference;dispute-settlement,https://www.csis.org/analysis/responding-more-coercive-chinese-coast-guard-and-potential-prc-quarantine-taiwan,Christopher B Johnstone and Bonny Lin - Responding to a More Coercive Chinese Coast Guard and a Potential PRC Quarantine of Taiwan - CSIS - 2024,CSIS analysis of quarantine scenarios and the legal framing of coast guard coercion.
tt-brookings-2017-international-law-chinese-characteristics,International law with Chinese characteristics - Beijing and the rules-based global order,Robert D Williams,2017-10-01,Report,theory-order;sovereignty-non-interference;dispute-settlement,https://www.brookings.edu/research/international-law-with-chinese-characteristics-beijing-and-the-rules-based-global-order/,Robert D Williams - International law with Chinese characteristics - Brookings Institution - 2017,Foundational think tank overview of China's approach across major international law fields.
tt-chatham-2017-dispute-settlement,China's Evolving Approach to International Dispute Settlement,Harriet Moynihan,2017-03-29,Report,dispute-settlement;theory-order;sovereignty-non-interference,https://www.chathamhouse.org/sites/default/files/publications/research/2017-03-29-chinas-evolving-approach-international-dispute-settlement-moynihan-final.pdf,Harriet Moynihan - China's Evolving Approach to International Dispute Settlement - Chatham House - 2017,Briefing paper on Chinese choices among courts arbitration and diplomacy.
tt-merics-2021-afsl-warning,China's Anti-Foreign Sanctions Law - A warning to the world,Helena Legarda and Katja Drinhausen,2021-06-24,Report,sanctions-anti-sanctions;sovereignty-non-interference,https://merics.org/en/short-analysis/chinas-anti-foreign-sanctions-law-warning-world,Helena Legarda and Katja Drinhausen - China's Anti-Foreign Sanctions Law - MERICS - 2021,Short analysis on the Anti-Foreign Sanctions Law and implications for foreign actors.
tt-merics-2024-how-china-imposes-sanctions,How China imposes sanctions,MERICS,2024-01-01,Report,sanctions-anti-sanctions;global-economic-system,https://merics.org/de/studie/how-china-imposes-sanctions,MERICS - How China imposes sanctions - 2024,Empirical report on China's actual sanctions practice.
tt-chatham-2024-china-under-siege,China under siege - How Beijing sees the United States,Yu Jie,2024-07-24,Report,theory-order;use-of-force;sanctions-anti-sanctions,https://www.chathamhouse.org/2024/07/china-under-siege,Yu Jie - China under siege - Chatham House - 2024,Research paper on threat perception and the world-order frame in current Chinese policy thinking.
lit-2026-ajil-china-anti-hegemonism,China Anti-hegemonism and the Scope for International Law to Facilitate Peaceful Power Transitions,Shirley V Scott,2026-01-16,Article / book,theory-order;sovereignty-non-interference;use-of-force,https://www.cambridge.org/core/journals/american-journal-of-international-law/article/china-antihegemonism-and-the-scope-for-international-law-to-facilitate-peaceful-power-transitions/223196BDE702E8ACB1EAAD565A776BE7,Shirley V Scott - China Anti-hegemonism and the Scope for International Law to Facilitate Peaceful Power Transitions - AJIL - 2026,Review essay on anti-hegemonism and international law during power transitions.
lit-2025-ils-normative-contestation-china,Normative Contestation in the International Order,Kal Raustiala,2025-05-09,Article / book,theory-order;sovereignty-non-interference;global-economic-system,https://digital-commons.usnwc.edu/ils/vol106/iss1/10/,Kal Raustiala - Normative Contestation in the International Order - International Law Studies - 2025,Essay on whether China is remaking global governance.
lit-2024-cjtl-frl-political-framing,Political Framing in China's Foreign Relations Law,Malcolm Jorgensen,2024-06-14,Article / book,theory-order;sovereignty-non-interference,https://journals.sagepub.com/doi/10.1177/2753412X241261033,Malcolm Jorgensen - Political Framing in China's Foreign Relations Law - Chinese Journal of Transnational Law - 2024,Open access article on how China's foreign relations law frames international legal order.
tt-2024-csis-pursuing-global-order,Pursuing Global Order in the Twenty-First Century,Center for Strategic and International Studies,2024-04-22,Report,theory-order;global-economic-system;use-of-force,https://features.csis.org/pursuing-global-order/,CSIS - Pursuing Global Order in the Twenty-First Century - 2024,Report on changing global order and the role of rising states.
lit-2024-cjtl-foreign-state-immunity-dodge,China's Foreign State Immunity Law,William S Dodge,2024-04-22,Article / book,sovereignty-non-interference;dispute-settlement;one-country-two-systems,https://journals.sagepub.com/doi/10.1177/2753412X241247632,William S Dodge - China's Foreign State Immunity Law - Chinese Journal of Transnational Law - 2024,Article introducing China's restrictive foreign state immunity law to English language readers.
lit-2022-chinesejil-unilateral-sanctions,Unilateral Sanctions - Kind and Degree,Sienho Yee,2022-01-21,Article / book,sanctions-anti-sanctions;sovereignty-non-interference;theory-order,https://academic.oup.com/chinesejil/article/20/4/817/6513414,Sienho Yee - Unilateral Sanctions - Chinese Journal of International Law - 2022,Article analyzing unilateral sanctions and long-arm jurisdiction.
tt-lowy-china-rules-based-order,China and the Rules-Based Order,Lowy Institute,2020-01-01,Report,theory-order;sovereignty-non-interference;global-economic-system,https://interactives.lowyinstitute.org/features/china-rules-based-order/,Lowy Institute - China and the Rules-Based Order - interactive feature,Analysis on China's approach to the rules-based international order.
lit-2026-ajil-taiwan-constitutional-court,The Taiwan Constitutional Court's Evolving Engagement with International Law,Yu-Jie Chen,2026-01-01,Article / book,one-country-two-systems;sovereignty-non-interference;dispute-settlement,https://www.cambridge.org/core/journals/asian-journal-of-international-law/article/taiwan-constitutional-courts-evolving-engagement-with-international-law/8B57A24ADF78404C939278E97430B2DE,Yu-Jie Chen - The Taiwan Constitutional Court's Evolving Engagement with International Law - Asian Journal of International Law - 2026,Article on Taiwan constitutional adjudication and international law.
lit-2022-federal-law-review-hk-nsl,The Hong Kong National Security Law and the Struggle over Rule of Law and Democracy in Hong Kong,Surabhi Chopra and Eva Pils,2022-09-01,Article / book,one-country-two-systems;sovereignty-non-interference;use-of-force,https://www.cambridge.org/core/journals/federal-law-review/article/abs/hong-kong-national-security-law-and-the-struggle-over-rule-of-law-and-democracy-in-hong-kong/D773200B51F92C846BBB45201AB0D559,Surabhi Chopra and Eva Pils - The Hong Kong National Security Law and the Struggle over Rule of Law and Democracy in Hong Kong - Federal Law Review - 2022,Article on the Hong Kong National Security Law and Basic Law obligations.
lit-2021-icon-unpalatable-realities,Unpalatable Realities No Choices,Alvin Y H Cheung,2021-07-01,Article / book,one-country-two-systems;sovereignty-non-interference,https://academic.oup.com/icon/article/19/3/1154/6350231,Alvin Y H Cheung - Unpalatable Realities No Choices - International Journal of Constitutional Law - 2021,Review essay on Hong Kong national security and changing legal orders.
tt-2024-csis-taiwan-experts,Surveying the Experts on China's Approach to Taiwan in 2024 and Beyond,CSIS ChinaPower Project,2024-01-22,Report,one-country-two-systems;use-of-force;sovereignty-non-interference,https://chinapower.csis.org/surveying-experts-us-and-taiwan-views-china-approach-taiwan-2024/,CSIS ChinaPower - Surveying the Experts on China's Approach to Taiwan - 2024,Survey report on US and Taiwan expert views about coercion blockade and invasion scenarios.
tt-2024-csis-anti-secession-law-taiwan,Employing Non-Peaceful Means Against Taiwan,CSIS ChinaPower Project,2024-10-01,Report,one-country-two-systems;use-of-force;sovereignty-non-interference,https://csis-website-prod.s3.amazonaws.com/s3fs-public/2024-10/241015_Lin_Means_Taiwan.pdf,CSIS ChinaPower - Employing Non-Peaceful Means Against Taiwan - 2024,Edited report on China's Anti-Secession Law and Taiwan contingencies.
tt-2025-hudson-un-resolution-2758,The Fraudulent UN Resolution 2758 and the Courage to Recognize Taiwan,Hudson Institute,2025-05-28,Report,one-country-two-systems;sovereignty-non-interference;theory-order,https://www.hudson.org/corruption/fraudulent-un-resolution-2758-courage-recognize-taiwan-miles-yu,Hudson Institute - The Fraudulent UN Resolution 2758 and the Courage to Recognize Taiwan - 2025,Commentary challenging PRC interpretations of UN General Assembly Resolution 2758.
tt-2025-brookings-iomed,The Purpose and Promise of China's International Organization for Mediation,Brookings Institution,2025-06-01,Report,dispute-settlement;one-country-two-systems;theory-order,https://www.brookings.edu/articles/the-purpose-and-promise-of-chinas-international-organization-for-mediation/,Brookings Institution - The purpose and promise of China's International Organization for Mediation - 2025,Analysis of China's new mediation organization and its possible role.
lit-2025-harvard-nsj-chinese-lawfare-conflict,Chinese Lawfare in Conflict - The Threat to US Operations,Crispin Smith,2025-06-01,Article / book,use-of-force;sovereignty-non-interference;sanctions-anti-sanctions;one-country-two-systems,https://journals.law.harvard.edu/nsj/wp-content/uploads/sites/82/2025/06/Smith-16-Harvard-Natl-Security-J.-2-2025.pdf,Crispin Smith - Chinese Lawfare in Conflict - Harvard National Security Journal - 2025,Article on Chinese operational lawfare in potential conflict settings.
tt-2024-usip-gsi-takes-shape,China's Global Security Initiative Takes Shape in Southeast and Central Asia,United States Institute of Peace,2024-11-01,Report,theory-order;use-of-force;sovereignty-non-interference,https://www.usip.org/sites/default/files/2024-12/sr534_chinas-global-security-initiative-takes-shape-southeast-central-asia.pdf,USIP - China's Global Security Initiative Takes Shape in Southeast and Central Asia - 2024,Special report on how the GSI is taking operational form in two regions.
tt-rusi-2022-global-commons,A Transatlantic Approach to China in the Global Commons,Royal United Services Institute,2022-03-01,Report,sovereignty-non-interference;use-of-force;theory-order,https://www.rusi.org/explore-our-research/publications/whitehall-reports/transatlantic-approach-china-global-commons,RUSI - A Transatlantic Approach to China in the Global Commons - 2022,Whitehall Report on China maritime governance and outer space.
tt-2024-china-russia-alignment-europe,China-Russia Alignment - A Threat to Europe's Security,Chatham House and GMF and MERICS,2024-06-26,Report,theory-order;use-of-force;sanctions-anti-sanctions,https://www.gmfus.org/sites/default/files/2024-06/Chatham%20House%20GMF%20MERICS%20Report%20China-Russia%20alignment_06-2024.pdf,Chatham House GMF and MERICS - China-Russia alignment - 2024,Joint report on China-Russia alignment and implications for European security.
lit-2019-jiel-geoeconomic-order,Toward a Geoeconomic Order in International Trade and Investment,Anthea Roberts and Henrique Choer Moraes and Victor Ferguson,2019-10-02,Article / book,global-economic-system;sanctions-anti-sanctions;theory-order,https://doi.org/10.1093/jiel/jgz036,Roberts Moraes and Ferguson - Toward a Geoeconomic Order - Journal of International Economic Law - 2019,Article on the move from neoliberal economic order toward geoeconomic ordering.
lit-2024-wilj-investment-rule-of-law-china,International Investment Law and the Rule of Law - The Case of China,Ming Du,2024-01-01,Article / book,global-economic-system;dispute-settlement;theory-order,https://digitalcommons.law.uw.edu/wilj/vol33/iss2/5/,Ming Du - International Investment Law and the Rule of Law - Washington International Law Journal - 2024,Article on international investment law and China's domestic rule of law.
lit-2023-ia-china-liberal-order,China and the Liberal International Order,Ruonan Liu and Songpo Yang,2023-07-03,Article / book,theory-order;global-economic-system;sovereignty-non-interference,https://academic.oup.com/ia/article/99/4/1383/7216720,Ruonan Liu and Songpo Yang - China and the Liberal International Order - International Affairs - 2023,Article on China's pragmatic and dynamic approach to the liberal international order.
tt-2024-carnegie-global-economic-governance,Reimagining Global Economic Governance,Carnegie Endowment for International Peace,2024-09-01,Report,global-economic-system;theory-order,https://assets.carnegieendowment.org/static/files/Patrick%20et%20al%20-%20Reimagining%20Global%20Economic%20Governance.pdf,Carnegie Endowment - Reimagining Global Economic Governance - 2024,Report on reforming global economic governance amid US-China rivalry.
tt-2024-merics-guerrilla-global-economy,China's Guerrilla Strategy in a Fragmenting Global Economy,MERICS,2024-06-18,Report,global-economic-system;sanctions-anti-sanctions;theory-order,https://merics.org/en/report/chinas-guerrilla-strategy-fragmenting-global-economy,MERICS - China's guerrilla strategy in a fragmenting global economy - 2024,Report on China's economic strategy under fragmentation and security competition.
tt-aiddata-2023-bri-reboot,Belt and Road Reboot,AidData,2023-11-01,Report,belt-and-road;global-economic-system,https://docs.aiddata.org/reports/belt-and-road-reboot/executive-summary.html,AidData - Belt and Road Reboot - 2023,Report on shifts in Chinese overseas development finance.
lit-2024-cjtl-blocking-statutes,A Critical Appraisal on China's Blocking Statutes,Guiqiang Liu,2024-09-05,Article / book,sanctions-anti-sanctions;global-economic-system;dispute-settlement,https://journals.sagepub.com/doi/10.1177/2753412X241270492,Guiqiang Liu - A Critical Appraisal on China's Blocking Statutes - Chinese Journal of Transnational Law - 2024,Article on private actor risks created by China's blocking statutes.
lit-2025-chinesejil-sanctions-human-rights-due-diligence,Obligation of Human Rights Due Diligence in the Unilateral Sanctions Environment,Alena F Douhan,2025-12-01,Article / book,sanctions-anti-sanctions;global-economic-system;theory-order,https://academic.oup.com/chinesejil/issue/24/4,Alena F Douhan - Obligation of Human Rights Due Diligence in the Unilateral Sanctions Environment - Chinese Journal of International Law - 2025,Article on human rights due diligence in unilateral sanctions settings.
lit-2024-yjil-economic-coercion,Two Approaches to Economic Coercion,Jacob Katz Cogan,2024-08-09,Article / book,sanctions-anti-sanctions;global-economic-system;theory-order,https://campuspress.yale.edu/yjil/two-approaches-to-economic-coercion/,Jacob Katz Cogan - Two Approaches to Economic Coercion - Yale Journal of International Law - 2024,Essay comparing approaches to economic coercion after concern over Chinese practices.
lit-2025-cpsr-china-two-tiered-sanctions,Informal or Formal - China's Two-Tiered Sanctions Policy,Chinese Political Science Review,2025-01-01,Article / book,sanctions-anti-sanctions;sovereignty-non-interference;global-economic-system,https://link.springer.com/article/10.1007/s41111-025-00307-0,Chinese Political Science Review - Informal or Formal - China's Two-Tiered Sanctions Policy - 2025,Article on formal and informal sanctions in China's foreign policy.
tt-2024-montaigne-china-extraterritoriality,China's Extraterritoriality - A New Stage of Lawfare,Institut Montaigne,2024-12-01,Report,sanctions-anti-sanctions;global-economic-system;sovereignty-non-interference,https://www.institutmontaigne.org/en/publications/chinas-extraterritoriality-new-stage-lawfare,Institut Montaigne - China's Extraterritoriality - A New Stage of Lawfare - 2024,Issue paper on Chinese extraterritoriality and sanctions-related legal tools.
tt-2024-ep-eu-china-derisking,EU-China Relations - De-risking or De-coupling,European Parliament Think Tank,2024-03-26,Report,global-economic-system;sanctions-anti-sanctions;theory-order,https://www.europarl.europa.eu/thinktank/en/document/EXPO_STU%282024%29754446,European Parliament - EU-China relations - De-risking or de-coupling - 2024,Study on EU strategy toward China and de-risking.
lit-erie-2021-chinese-law-development,Chinese Law and Development,Matthew S Erie,2021-01-01,Article / book,belt-and-road;global-economic-system;dispute-settlement,https://search.worldcat.org/search?q=Chinese%20Law%20and%20Development%20Matthew%20S%20Erie,Matthew S Erie - Chinese Law and Development - 2021,Book on Chinese legal ordering and development beyond China.
lit-2025-ajls-china-modernization-bri-legal-pluralism,China's Path to Modernization and Legal Pluralism,Davide Giacomo Zoppolato and Paolo Davide Farah,2025-02-25,Article / book,belt-and-road;global-economic-system;dispute-settlement;theory-order,https://www.cambridge.org/core/journals/asian-journal-of-law-and-society/article/chinas-path-to-modernization-and-legal-pluralism-transplants-and-the-belt-and-road-initiative/B73A534E77C208709348579C20A2789E,Zoppolato and Farah - China's Path to Modernization and Legal Pluralism - Asian Journal of Law and Society - 2025,Article on legal transplants and BRI legal pluralism.
lit-2023-ajil-geoeconomics-bri-disputes,The Geoeconomics of Belt and Road Disputes,Mark McLaughlin,2023-06-16,Article / book,belt-and-road;dispute-settlement;global-economic-system,https://www.cambridge.org/core/journals/asian-journal-of-international-law/article/geoeconomics-of-belt-and-road-disputes-a-case-study-on-the-chinapakistan-economic-corridor/1BA88BCCDB133F368D06AEDCC8DC4620,Mark McLaughlin - The Geoeconomics of Belt and Road Disputes - Asian Journal of International Law - 2023,Case study of BRI disputes through the China-Pakistan Economic Corridor.
tt-aiddata-2021-banking-bri,Banking on the Belt and Road,AidData,2021-09-29,Report,belt-and-road;global-economic-system,https://www.aiddata.org/publications/banking-on-the-belt-and-road,AidData - Banking on the Belt and Road - 29 September 2021,Dataset-based report on Chinese development projects.
tt-csis-chinapower-bri,How Is the Belt and Road Initiative Advancing China's Interests?,CSIS ChinaPower Project,2024-01-01,Report,belt-and-road;global-economic-system;theory-order,https://chinapower.csis.org/china-belt-and-road-initiative/,CSIS ChinaPower Project - How Is the Belt and Road Initiative Advancing China's Interests - accessed 2026,Interactive explainer on BRI and Chinese interests.
tt-csis-maritime-silk-road,China's Maritime Silk Road: Strategic and Economic Implications for the Indo-Pacific Region,Center for Strategic and International Studies,2018-04-02,Report,belt-and-road;sovereignty-non-interference;global-economic-system,https://www.csis.org/analysis/chinas-maritime-silk-road,Michael J Green - China's Maritime Silk Road - CSIS - 2018,Report on the maritime dimension of BRI.
lit-2024-jpil-cicc-jurisdiction,The Jurisdiction of China International Commercial Court,Journal of Private International Law,2024-04-01,Article / book,dispute-settlement;belt-and-road;global-economic-system,https://www.tandfonline.com/doi/full/10.1080/17441048.2024.2338627,Journal of Private International Law - The Jurisdiction of China International Commercial Court - 2024,Article on the substance and drawbacks of CICC jurisdiction.
lit-2024-aplr-cicc-performance,Effective or Symbolic - A Retrospective Look at the China International Commercial Court,Si Lin,2024-08-05,Article / book,dispute-settlement;belt-and-road;global-economic-system,https://www.tandfonline.com/doi/abs/10.1080/10192557.2024.2385899,Si Lin - Effective or Symbolic - Asia Pacific Law Review - 2024,Article reviewing the performance of the China International Commercial Court.
lit-2024-jids-new-international-commercial-courts,New International Commercial Courts,Sean David Yates,2024-03-01,Article / book,dispute-settlement;belt-and-road;global-economic-system,https://academic.oup.com/jids/article/15/1/54/7295472,Sean David Yates - New International Commercial Courts - Journal of International Dispute Settlement - 2024,Article on international commercial courts and delocalized adjudication.
tt-2025-austchina-iomed,China's Mediation Initiative and Australia,AustChina Institute,2025-06-01,Report,dispute-settlement;one-country-two-systems;global-economic-system,https://www.aci.org.au/publications/article_china-mediation-initiative-IOMed,AustChina Institute - China's Mediation Initiative and Australia - 2025,Policy analysis on Australia and the International Organization for Mediation.
tt-csis-2015-xi-bri,President Xi Jinping's Belt and Road Initiative,Center for Strategic and International Studies,2015-03-31,Report,belt-and-road;global-economic-system;theory-order,https://www.csis.org/analysis/president-xi-jinpings-belt-and-road-initiative,Christopher K Johnson - President Xi Jinping's Belt and Road Initiative - CSIS - 2015,Early CSIS assessment of BRI goals mechanisms and risks.
tt-csis-2018-bri-holes,China's Belt and Road Is Full Of Holes,Center for Strategic and International Studies,2018-09-04,Report,belt-and-road;global-economic-system,https://www.csis.org/analysis/chinas-belt-and-road-full-holes,Jonathan E Hillman - China's Belt and Road Is Full Of Holes - CSIS - 2018,CSIS brief on infrastructure implementation problems.
lit-burnay-2018,Chinese Perspectives on the International Rule of Law,Matthieu Burnay,2018-01-01,Article / book,theory-order;sovereignty-non-interference;global-economic-system,https://search.worldcat.org/search?q=Chinese%20Perspectives%20on%20the%20International%20Rule%20of%20Law%20Matthieu%20Burnay,Matthieu Burnay - Chinese Perspectives on the International Rule of Law - 2018,Study of Chinese views on the international rule of law.
lit-potter-2011,China and the International Legal System: Challenges of Participation,Pitman B Potter,2011-01-01,Article / book,theory-order;global-economic-system;dispute-settlement,https://search.worldcat.org/search?q=China%20and%20the%20International%20Legal%20System%20Challenges%20of%20Participation%20Pitman%20Potter,Pitman B Potter - China and the International Legal System - 2011,Monograph on China's participation in legal institutions.
lit-kent-2007-beyond-compliance,Beyond Compliance: China International Organizations and Global Security,Ann Kent,2007-01-01,Article / book,theory-order;use-of-force;sovereignty-non-interference,https://search.worldcat.org/search?q=Beyond%20Compliance%20China%20International%20Organizations%20and%20Global%20Security%20Ann%20Kent,Ann Kent - Beyond Compliance - 2007,Study of China's behavior in international organizations and security governance.
lit-2021-chinesejil-community-shared-future-legalist-turn,The Community of Shared Future for Mankind and China's Legalist Turn in International Relations,Ignacio de la Rasilla and Hao Yayezi,2021-06-01,Article / book,theory-order;sovereignty-non-interference,https://doi.org/10.1093/chinesejil/jmab021,Ignacio de la Rasilla and Hao Yayezi - The Community of Shared Future for Mankind and China's Legalist Turn in International Relations - Chinese Journal of International Law - 2021,Article tracing community of shared future language and its legalist turn in Chinese international relations.
"lit-2021-cjcl-global-constitutionalism-common-destiny-future-intl-law","Chinese Positions on Global Constitutionalism, Community of Common Destiny for Mankind, and the Future of International Law",Bjorn Ahl,2021-10-25,Article / book,theory-order;sovereignty-non-interference,https://doi.org/10.1093/cjcl/cxab011,Bjorn Ahl - Chinese Positions on Global Constitutionalism Community of Common Destiny for Mankind and the Future of International Law - The Chinese Journal of Comparative Law - 2021,Article comparing global constitutionalism with Chinese common destiny thinking about future international law.
lit-2024-io-reconceptualizing-international-order,Reconceptualizing International Order: Contemporary Chinese Theories and Their Contributions to Global IR,Haoming Xiong and David A Peterson and Bear F Braumoeller,2024-08-02,Article / book,theory-order;sovereignty-non-interference,https://www.cambridge.org/core/journals/international-organization/article/reconceptualizing-international-order-contemporary-chinese-theories-and-their-contributions-to-global-ir/3EA614FBF13A5DDAB159F00354451865,Haoming Xiong David A Peterson and Bear F Braumoeller - Reconceptualizing International Order - International Organization - 2024,Review essay on contemporary Chinese theories of international order within Global IR.
lit-2025-ia-beyond-liberal-narratives-human-rights-order,Beyond liberal narratives: China and the international human rights order,Xinyuan Dai and Lucie Lu,2025-03-03,Article / book,theory-order;sovereignty-non-interference,https://academic.oup.com/ia/article/101/2/459/8045976,Xinyuan Dai and Lucie Lu - Beyond liberal narratives: China and the international human rights order - International Affairs - 2025,Article using UN human rights review data to show how China reshapes parts of the international human rights order.
lit-2025-eia-china-international-justice-research-agenda,China and international justice: a research agenda,Tadhg O Laoghaire,2025-11-06,Article / book,theory-order;global-economic-system,https://www.tandfonline.com/doi/full/10.1080/13698230.2025.2561317,Tadhg O Laoghaire - China and international justice: a research agenda - Ethics and International Affairs - 2025,Review article on how China's rise raises questions for theories of international justice and global order.
lit-2024-east-asia-multilateralism-soft-power-made-in-china,Multilateralism and Soft Power Made-in-China: (re)Adjusting Role Conception to Meet International Expectations,Paulo Afonso Brardo Duarte and Amit Gupta and Bruna Cristina Delvaje,2024-03-05,Article / book,theory-order;global-economic-system,https://link.springer.com/article/10.1007/s12140-024-09424-0,Paulo Afonso Brardo Duarte Amit Gupta and Bruna Cristina Delvaje - Multilateralism and Soft Power Made-in-China - East Asia - 2024,Article on Xi-era multilateralism and soft power as complementary strategies for China's role conception.
lit-2024-jufil-peacetime-maritime-law-enforcement-warships,Peacetime Maritime Law Enforcement by Warships,Deyi Ma and Yanlin Zhou,2024-10-14,Article / book,use-of-force;sovereignty-non-interference;dispute-settlement,https://www.tandfonline.com/doi/abs/10.1080/20531702.2024.2411128,Deyi Ma and Yanlin Zhou - Peacetime Maritime Law Enforcement by Warships - Journal on the Use of Force and International Law - 2024,Article on the evolving legal scope of maritime law enforcement by warships in peacetime.
lit-2024-njhr-authoritarian-governance-human-rights-china,Navigating Tensions between Authoritarian Governance and Human Rights: Towards a Business and Human Rights Regime within China's Dual-State Context,Xu Kang,2024-11-04,Article / book,sovereignty-non-interference;theory-order;global-economic-system,https://www.tandfonline.com/doi/abs/10.1080/18918131.2024.2415197,Xu Kang - Navigating Tensions between Authoritarian Governance and Human Rights - Nordic Journal of Human Rights - 2025,Article on how China's evolving business and human rights regime operates within a dual-state framework.
lit-2025-fudan-environmental-diplomacy-bri,The Environmental Diplomacy of the Belt and Road Initiative: Going Green to Meet External Expectations,Paulo Afonso B Duarte and Asya Gasparyan and Flavio Bastos da Silva and Antonio Tavares,2025-07-18,Article / book,belt-and-road;global-economic-system;theory-order,https://link.springer.com/article/10.1007/s40647-025-00453-4,Paulo Afonso B Duarte and others - The Environmental Diplomacy of the Belt and Road Initiative - Fudan Journal of the Humanities and Social Sciences - 2025,Article on the Green Silk Road as a role-adjustment strategy for China under external pressure.
lit-2023-book-chinas-law-of-the-sea,China's Law of the Sea: The New Rules of Maritime Order,Isaac B Kardon,2023-04-17,Book,use-of-force;sovereignty-non-interference;dispute-settlement;theory-order,https://yalebooks.yale.edu/2023/04/17/chinas-law-of-the-sea/,Isaac B Kardon - China's Law of the Sea: The New Rules of Maritime Order - Yale University Press - 2023,Book on China's bid to shape law of the sea rules and regional maritime order.
lit-2025-ejis-mekong-security-development-nexus,Ponder the path of thy feet: How China's security-development nexus works in the Mekong region,Xue Gong,2025-02-20,Article / book,use-of-force;theory-order;sovereignty-non-interference,https://www.cambridge.org/core/journals/european-journal-of-international-security/article/ponder-the-path-of-thy-feet-how-chinas-securitydevelopment-nexus-works-in-the-mekong-region/8278F8CC16039DEBAAAD86AA1329076B,Xue Gong - Ponder the path of thy feet - European Journal of International Security - 2025,Article on China's security-development nexus and South-South security cooperation in the Mekong region.
lit-2025-ripe-status-quo-revisionist-trade-regime,Challenging the status quo-revisionist power dichotomy: China and the United States in the trade regime,Kristen Hopewell,2025-04-29,Article / book,global-economic-system;theory-order;dispute-settlement,https://www.tandfonline.com/doi/full/10.1080/09692290.2025.2493802,Kristen Hopewell - Challenging the status quo-revisionist power dichotomy - Review of International Political Economy - 2025,Article arguing that WTO conflicts show the limits of the status-quo versus revisionist dichotomy for US-China order debates.
lit-2025-ripe-multilateralism-a-la-carte,Multilateralism a la carte: how China navigates global economic institutions,Eugenia C Heldt and Henning Schmidtke and Omar Serrano Oswald,2025-05-15,Article / book,global-economic-system;theory-order,https://www.tandfonline.com/doi/full/10.1080/09692290.2025.2495694,Eugenia C Heldt Henning Schmidtke and Omar Serrano Oswald - Multilateralism a la carte - Review of International Political Economy - 2025,Article proposing a framework for China's selective engagement with global economic institutions.
lit-2026-ripe-institutional-layering-gdi,Institutional layering as (counter-)hegemonic strategy: unpacking China's global development initiative,Jack Taggart and Han Cheng and Sebastian Haug,2026-03-26,Article / book,theory-order;global-economic-system;belt-and-road,https://www.tandfonline.com/doi/full/10.1080/09692290.2026.2646945,Jack Taggart Han Cheng and Sebastian Haug - Institutional layering as (counter-)hegemonic strategy - Review of International Political Economy - 2026,Article on the Global Development Initiative as layered order-building within UN-centered frameworks.
tt-2025-carnegie-ai-safety-institute,How Some of China's Top AI Thinkers Built Their Own AI Safety Institute,Carnegie Endowment for International Peace,2025-06-16,Report,global-economic-system;theory-order;sovereignty-non-interference,https://carnegieendowment.org/research/2025/06/how-some-of-chinas-top-ai-thinkers-built-their-own-ai-safety-institute,Scott Singer Karson Elmgren and Oliver Guest - How Some of China's Top AI Thinkers Built Their Own AI Safety Institute - Carnegie Endowment - 2025,Report on the emergence of China's AI Safety and Development Association and its role in global AI governance.
tt-2025-usip-police-assistance-global-security,How China Uses Police Assistance to Reshape Global Security,United States Institute of Peace,2025-03-12,Report,use-of-force;theory-order;sovereignty-non-interference,https://www.usip.org/publications/2025/03/how-china-uses-police-assistance-reshape-global-security,Ena Dion and Matt Herbert - How China Uses Police Assistance to Reshape Global Security - USIP - 2025,Analysis of China's use of foreign law-enforcement assistance to reshape security governance.
tt-2025-carnegie-foreign-police-training,China's Foreign Police Training: A Global Footprint,Carnegie Endowment for International Peace,2025-11-13,Report,use-of-force;theory-order;sovereignty-non-interference,https://carnegieendowment.org/russia-eurasia/research/2025/11/chinas-foreign-police-training-a-global-footprint,Sheena Chestnut Greitens Isaac B Kardon and Cameron Waltz - China's Foreign Police Training: A Global Footprint - Carnegie Endowment - 2025,Data-rich report on China's worldwide police and internal security training programs.
